Time,Day_of_week,Age_band_of_driver,Sex_of_driver,Educational_level,Vehicle_driver_relation,Driving_experience,Type_of_vehicle,Owner_of_vehicle,Service_year_of_vehicle,Defect_of_vehicle,Area_accident_occured,Lanes_or_Medians,Road_allignment,Types_of_Junction,Road_surface_type,Road_surface_conditions,Light_conditions,Weather_conditions,Type_of_collision,Vehicle_movement,Casualty_class,Sex_of_casualty,Age_band_of_casualty,Casualty_severity,Work_of_casuality,Fitness_of_casuality,Pedestrian_movement,Cause_of_accident,Accident_severity
21:26:00,Tuesday,31-50,Male,Junior high school,Employee,Above 10yr,Pick up upto 10Q,Owner,Above 10yr,No defect, Church areas,Undivided Two way,Sharp reverse curve,Y Shape,Asphalt roads,Wet or damp,Darkness - lights lit,Normal,Collision with roadside objects,Going straight,Passenger,Female,5,3,Self-employed,Normal,Not a Pedestrian,Driving carelessly,Slight Injury
23:50:00,Saturday,31-50,Male,Junior high school,Employee,5-10yr,Lorry (41?100Q),Owner,Above 10yr,No defect,Office areas,Undivided Two way,Gentle horizontal curve,No junction,Asphalt roads,Wet or damp,Darkness - lights lit,Raining,Vehicle with vehicle collision,Going straight,Driver or rider,MALE,NA,3,Driver,Normal,Not a Pedestrian,No priority to pedestrian,Slight Injury
23:50:00,Saturday,31-50,Male,Junior high school,Employee,No Licence,Other,Owner,5-10yrs,No defect,Other,Double carriageway (median),Gentle horizontal curve,No junction,Asphalt roads,Wet or damp,Darkness - lights lit,Raining,Vehicle with vehicle collision,Going straight,Passenger,Male,Over 51,3,Driver,Normal,Not a Pedestrian,No priority to vehicle,Slight Injury
20:50:00,Monday,31-50,Male,Elementary school,Employee,5-10yr,Long lorry,Owner,5-10yrs,No defect, Church areas,Other,Tangent road with mountainous terrain and,Crossing,Asphalt roads,Dry,Darkness - lights lit,Normal,Vehicle with vehicle collision,Going straight,Passenger,Male,31-50,3,Driver,Normal,Not a Pedestrian,Changing lane to the right,Slight Injury
17:00:00,Thursday,18-30,Male,Junior high school,Employee,5-10yr,Taxi,Owner,2-5yrs,No defect,Other,other,Tangent road with flat terrain,Y Shape,Asphalt roads,Dry,Darkness - lights lit,Unknown,Collision with roadside objects,Going straight,Pedestrian,Female,Over 51,3,Employee,Normal,Unknown or other,Moving Backward,Slight Injury
13:19:00,Monday,18-30,Male,Writing & reading,Employee,5-10yr,Long lorry,Governmental,1-2yr,No defect,Other,Double carriageway (median),Tangent road with flat terrain,Y Shape,Asphalt roads,Dry,Daylight,Normal,Vehicle with vehicle collision,Going straight,Driver or rider,MALE,NA,3,Driver,Normal,Not a Pedestrian,Changing lane to the right,Serious Injury
13:19:00,Monday,Under 18,Male,Junior high school,Employee,1-2yr,Lorry (11?40Q),Organization,5-10yrs,No defect,Office areas,Two-way (divided with broken lines road marking),Gentle horizontal curve,Y Shape,Asphalt roads,Dry,Daylight,Normal,Vehicle with vehicle collision,Going straight,Driver or rider,MALE,NA,3,Self-employed,Normal,Not a Pedestrian,Getting off the vehicle improperly,Serious Injury
12:00:00,Sunday,18-30,Male,Elementary school,Employee,1-2yr,Turbo,Owner,2-5yrs,No defect,Other,Two-way (divided with broken lines road marking),Tangent road with flat terrain,Y Shape,Asphalt roads,Dry,Daylight,Normal,Vehicle with vehicle collision,Going straight,Pedestrian,Male,18-30,3,Self-employed,Normal,Crossing from driver's nearside,No distancing,Serious Injury
18:01:00,Tuesday,31-50,Male,Elementary school,Employee,Above 10yr,Long lorry,Owner,2-5yrs,No defect,Office areas,Two-way (divided with broken lines road marking),Tangent road with flat terrain,Y Shape,Asphalt roads,Dry,Daylight,Windy,Vehicle with vehicle collision,Reversing,Driver or rider,MALE,NA,3,Self-employed,Normal,Not a Pedestrian,No priority to vehicle,Slight Injury
08:00:00,Friday,31-50,Male,Junior high school,Employee,5-10yr,Public (13?45 seats),Owner,2-5yrs,No defect, Church areas,One way,Tangent road with flat terrain,Other,Asphalt roads,Dry,Daylight,Normal,Vehicle with vehicle collision,Going straight,Pedestrian,Male,5,3,Driver,Normal,"In carriageway, statioNot a Pedestrianry - not crossing  (standing or playing)",Driving carelessly,Serious Injury
08:10:00,Thursday,18-30,Male,Elementary school,Other,Above 10yr,Public (13?45 seats),Owner,1-2yr,No defect,  RecreatioNAl areas,One way,Tangent road with flat terrain,Crossing,Asphalt roads,Dry,Daylight,Normal,Rollover,Going straight,Pedestrian,Male,18-30,3,Driver,Normal,Crossing from nearside - masked by parked or statioNot a Pedestrianry vehicle,No distancing,Slight Injury
21:15:00,Sunday,18-30,Male,Elementary school,Employee,5-10yr,Pick up upto 10Q,Owner,2-5yrs,No defect,Residential areas,Two-way (divided with broken lines road marking),Tangent road with flat terrain,No junction,Asphalt roads,Dry,Darkness - lights lit,Normal,Vehicle with vehicle collision,Going straight,Passenger,Male,18-30,3,Driver,Normal,Not a Pedestrian,No priority to pedestrian,Slight Injury
21:15:00,Sunday,18-30,Female,Junior high school,Employee,2-5yr,Automobile,Owner,2-5yrs,No defect,Other,Two-way (divided with broken lines road marking),Tangent road with flat terrain,No junction,Asphalt roads,Dry,Darkness - lights lit,Normal,Vehicle with vehicle collision,Going straight,Driver or rider,MALE,NA,3,Driver,Normal,Not a Pedestrian,No distancing,Slight Injury
14:39:00,Saturday,31-50,Male,Junior high school,Employee,Above 10yr,Long lorry,Owner,5-10yrs,No defect,Office areas,Two-way (divided with broken lines road marking),Tangent road with mountainous terrain and,Y Shape,Asphalt roads,Wet or damp,Daylight,Raining,Vehicle with vehicle collision,Going straight,Driver or rider,MALE,NA,3,Self-employed,Normal,Not a Pedestrian,Changing lane to the right,Slight Injury
22:15:00,Sunday,18-30,Male,Elementary school,Employee,1-2yr,Lorry (11?40Q),Owner,1-2yr,No defect, Church areas,Double carriageway (median),Tangent road with flat terrain,Y Shape,Asphalt roads,Dry,Darkness - lights lit,Normal,Collision with roadside objects,Getting off,Driver or rider,Male,18-30,3,Driver,Normal,Not a Pedestrian,Changing lane to the right,Slight Injury
16:05:00,Sunday,18-30,Male,Junior high school,Employee,Above 10yr,Public (> 45 seats),Owner,1-2yr,No defect,Other,Two-way (divided with broken lines road marking),Tangent road with flat terrain,No junction,Asphalt roads,Dry,Daylight,Normal,Vehicle with vehicle collision,Going straight,Driver or rider,Male,31-50,3,Driver,Normal,Not a Pedestrian,Moving Backward,Serious Injury
17:36:00,Friday,Under 18,Male,Elementary school,Employee,5-10yr,Automobile,Owner,1-2yr,No defect,Other,other,Steep grade downward with mountainous terrain,No junction,Asphalt roads,Dry,Daylight,Normal,Vehicle with vehicle collision,Reversing,Driver or rider,MALE,NA,3,Self-employed,Normal,Not a Pedestrian,No distancing,Slight Injury
18:09:00,Monday,18-30,Male,Elementary school,Owner,Above 10yr,Public (12 seats),Governmental,Below 1yr,No defect,Residential areas,Two-way (divided with broken lines road marking),Tangent road with flat terrain,No junction,Asphalt roads,Wet or damp,Daylight,Raining,Vehicle with vehicle collision,Turnover,Driver or rider,MALE,NA,3,Driver,Normal,Not a Pedestrian,Driving carelessly,Slight Injury
10:15:00,Thursday,31-50,Male,Junior high school,Employee,5-10yr,Automobile,Owner,1-2yr,No defect,Office areas,Undivided Two way,Tangent road with flat terrain,No junction,Asphalt roads,Dry,Daylight,Normal,Rollover,Going straight,Driver or rider,Male,18-30,3,Driver,Normal,Not a Pedestrian,Driving to the left,Slight Injury
10:15:00,Thursday,31-50,Male,Junior high school,Employee,5-10yr,Stationwagen,Owner,Above 10yr,No defect, Outside rural areas,Two-way (divided with broken lines road marking),Tangent road with mountainous terrain and,No junction,Asphalt roads,Dry,Daylight,Normal,Collision with roadside objects,Moving Backward,Driver or rider,Male,31-50,3,Driver,Normal,Not a Pedestrian,Changing lane to the left,Slight Injury
14:04:00,Monday,18-30,Male,Junior high school,Employee,5-10yr,Pick up upto 10Q,Owner,Above 10yr,No defect, Church areas,Two-way (divided with broken lines road marking),Steep grade downward with mountainous terrain,Y Shape,Asphalt roads,Dry,Daylight,Normal,Vehicle with vehicle collision,Moving Backward,Driver or rider,MALE,NA,3,Driver,Normal,Not a Pedestrian,Driving under the influence of drugs,Slight Injury
11:15:00,Monday,18-30,Female,Junior high school,Employee,5-10yr,Automobile,Owner,1-2yr,No defect,Other,Two-way (divided with broken lines road marking),Tangent road with flat terrain,No junction,Asphalt roads,Dry,Daylight,Normal,Collision with pedestrians,Going straight,Driver or rider,MALE,NA,3,Driver,Normal,Not a Pedestrian,Changing lane to the left,Slight Injury
11:15:00,Monday,Over 51,Male,Junior high school,Employee,2-5yr,Other,Owner,1-2yr,No defect,Residential areas,Undivided Two way,Tangent road with flat terrain,No junction,Asphalt roads,Dry,Daylight,Normal,Vehicle with vehicle collision,Turnover,Driver or rider,Female,31-50,3,Driver,Normal,Not a Pedestrian,Changing lane to the right,Slight Injury
11:38:00,Friday,18-30,Male,Junior high school,Employee,Above 10yr,Automobile,Owner,1-2yr,No defect,Office areas,Undivided Two way,Tangent road with flat terrain,Y Shape,Asphalt roads,Dry,Daylight,Normal,Vehicle with vehicle collision,Moving Backward,Driver or rider,MALE,NA,3,Driver,Normal,Not a Pedestrian,Overloading,Slight Injury
09:40:00,Monday,Over 51,Male,Junior high school,Employee,1-2yr,Motorcycle,Owner,1-2yr,No defect,Residential areas,Undivided Two way,Tangent road with flat terrain,Y Shape,Asphalt roads,Dry,Daylight,Other,Vehicle with vehicle collision,Other,Driver or rider,Male,18-30,3,Driver,Normal,Not a Pedestrian,Other,Slight Injury
09:40:00,Monday,31-50,Male,Writing & reading,Employee,Below 1yr,Automobile,Owner,1-2yr,No defect,Office areas,Undivided Two way,Tangent road with flat terrain,Y Shape,Asphalt roads,Dry,Daylight,Other,Vehicle with vehicle collision,Going straight,Passenger,Male,31-50,3,Driver,Normal,Not a Pedestrian,No priority to vehicle,Slight Injury
15:09:00,Monday,18-30,Female,Junior high school,Employee,2-5yr,Automobile,Owner,1-2yr,No defect,Other,Two-way (divided with broken lines road marking),Tangent road with flat terrain,No junction,Asphalt roads,Dry,Daylight,Normal,Vehicle with vehicle collision,Going straight,Driver or rider,Male,18-30,3,Driver,Normal,Not a Pedestrian,No distancing,Slight Injury
16:25:00,Tuesday,18-30,Male,Junior high school,Employee,2-5yr,Public (13?45 seats),Owner,2-5yrs,No defect,Office areas,Two-way (divided with broken lines road marking),Tangent road with flat terrain,Y Shape,Asphalt roads,Dry,Daylight,Unknown,Vehicle with vehicle collision,Moving Backward,Pedestrian,Male,18-30,3,Driver,Normal,Unknown or other,Changing lane to the right,Slight Injury
08:38:00,Thursday,31-50,Male,Junior high school,Employee,Above 10yr,Public (12 seats),Owner,2-5yrs,No defect,Other,One way,Tangent road with flat terrain,No junction,Asphalt roads,Dry,Daylight,Normal,Collision with pedestrians,Going straight,Driver or rider,Male,Under 18,3,Self-employed,Normal,Not a Pedestrian,Getting off the vehicle improperly,Slight Injury
08:38:00,Thursday,31-50,Male,Junior high school,Employee,2-5yr,Automobile,Owner,5-10yrs,No defect,Other,Two-way (divided with broken lines road marking),Tangent road with flat terrain,No junction,Asphalt roads,Dry,Daylight,Normal,Vehicle with vehicle collision,Moving Backward,Pedestrian,Male,18-30,3,Self-employed,Normal,Not a Pedestrian,Overtaking,Slight Injury
15:00:00,Monday,18-30,Male,Junior high school,Employee,5-10yr,Other,Owner,1-2yr,No defect,School areas,Undivided Two way,Tangent road with flat terrain,Y Shape,Asphalt roads,Dry,Daylight,Normal,Vehicle with vehicle collision,Moving Backward,Driver or rider,MALE,NA,3,Self-employed,Normal,Not a Pedestrian,No priority to vehicle,Slight Injury
12:28:00,Sunday,31-50,Male,Junior high school,Employee,5-10yr,Lorry (41?100Q),Owner,1-2yr,No defect,Residential areas,Undivided Two way,Tangent road with flat terrain,Y Shape,Asphalt roads,Dry,Daylight,Normal,Collision with roadside objects,Going straight,Driver or rider,Male,18-30,3,Driver,Normal,Not a Pedestrian,No priority to pedestrian,Slight Injury
14:04:00,Thursday,Under 18,Male,High school,Owner,Above 10yr,Automobile,Owner,1-2yr,No defect,Other,other,Tangent road with flat terrain,Y Shape,Asphalt roads,Dry,Daylight,Normal,Vehicle with vehicle collision,Going straight,Passenger,Male,18-30,3,Driver,Normal,Not a Pedestrian,Other,Slight Injury
14:25:00,Tuesday,Over 51,Male,Above high school,Employee,Above 10yr,Lorry (41?100Q),Owner,Above 10yr,No defect,Office areas,Two-way (divided with broken lines road marking),Tangent road with flat terrain,Crossing,Asphalt roads,Dry,Daylight,Normal,Rollover,Reversing,Driver or rider,Male,5,3,Driver,Normal,Not a Pedestrian,Driving carelessly,Serious Injury
18:20:00,Wednesday,18-30,Male,High school,Employee,Below 1yr,Lorry (41?100Q),Owner,2-5yrs,No defect,Residential areas,Two-way (divided with broken lines road marking),Tangent road with flat terrain,Y Shape,Asphalt roads,Dry,Daylight,Unknown,Vehicle with vehicle collision,Moving Backward,Pedestrian,Female,31-50,3,Driver,Normal,Not a Pedestrian,Changing lane to the left,Slight Injury
13:59:00,Tuesday,18-30,Male,Junior high school,Employee,No Licence,Other,Owner,1-2yr,No defect, Church areas,Undivided Two way,Tangent road with flat terrain,No junction,Asphalt roads,Dry,Daylight,Normal,Vehicle with vehicle collision,Reversing,Driver or rider,Male,Over 51,3,Driver,Normal,Not a Pedestrian,Driving at high speed,Slight Injury
19:25:00,Wednesday,18-30,Male,Junior high school,Employee,1-2yr,Public (12 seats),Governmental,1-2yr,No defect,Other,One way,Tangent road with flat terrain,No junction,Asphalt roads,Dry,Daylight,Normal,Vehicle with vehicle collision,Other,Pedestrian,Male,Under 18,3,Self-employed,Normal,Crossing from driver's nearside,No distancing,Slight Injury
12:20:00,Wednesday,31-50,Male,Writing & reading,Owner,5-10yr,Automobile,Owner,1-2yr,No defect,Other,other,Steep grade downward with mountainous terrain,No junction,Asphalt roads,Dry,Daylight,Cloudy,Vehicle with vehicle collision,Going straight,Driver or rider,Male,31-50,2,Driver,Normal,Not a Pedestrian,No priority to pedestrian,Slight Injury
17:55:00,Thursday,Under 18,Male,Junior high school,Employee,5-10yr,Lorry (11?40Q),Governmental,Below 1yr,No defect,Residential areas,Two-way (divided with broken lines road marking),Tangent road with flat terrain,Y Shape,Asphalt roads,Dry,Daylight,Normal,Collision with roadside objects,Moving Backward,Passenger,Male,18-30,3,Self-employed,Normal,Not a Pedestrian,Driving at high speed,Slight Injury
15:20:00,Friday,18-30,Female,Junior high school,Owner,5-10yr,Other,Owner,1-2yr,No defect,Office areas,Undivided Two way,Tangent road with flat terrain,No junction,Asphalt roads,Dry,Daylight,Unknown,Vehicle with vehicle collision,Going straight,Passenger,Female,Under 18,3,Self-employed,Normal,Not a Pedestrian,No priority to pedestrian,Slight Injury
08:05:00,Monday,18-30,Male,Junior high school,Employee,5-10yr,Automobile,Owner,Above 10yr,No defect, Outside rural areas,Two-way (divided with broken lines road marking),Tangent road with mountainous terrain and,No junction,Asphalt roads,Dry,Daylight,Normal,Vehicle with vehicle collision,Going straight,Driver or rider,MALE,NA,3,Driver,Normal,Not a Pedestrian,Overtaking,Serious Injury
18:47:00,Friday,18-30,Male,Junior high school,Employee,Below 1yr,Public (13?45 seats),Owner,Above 10yr,No defect, Church areas,Two-way (divided with broken lines road marking),Steep grade downward with mountainous terrain,Y Shape,Asphalt roads,Dry,Daylight,Normal,Vehicle with vehicle collision,Going straight,Pedestrian,Female,31-50,3,Driver,Normal,Crossing from nearside - masked by parked or statioNot a Pedestrianry vehicle,Driving carelessly,Slight Injury
11:30:00,Thursday,18-30,Male,High school,Employee,Above 10yr,Lorry (41?100Q),Owner,1-2yr,No defect,School areas,Two-way (divided with broken lines road marking),Tangent road with flat terrain,Crossing,Asphalt roads,Dry,Daylight,Normal,Vehicle with vehicle collision,Going straight,Driver or rider,MALE,NA,3,Driver,Normal,Not a Pedestrian,Changing lane to the right,Slight Injury
17:50:00,Friday,31-50,Male,Junior high school,Employee,Above 10yr,Lorry (41?100Q),Owner,1-2yr,No defect,Other,Two-way (divided with broken lines road marking),Tangent road with flat terrain,No junction,Asphalt roads,Dry,Daylight,Normal,Vehicle with vehicle collision,Other,Pedestrian,Male,Over 51,3,Self-employed,Normal,Crossing from driver's nearside,Driving carelessly,Slight Injury
18:40:00,Tuesday,18-30,Male,Junior high school,Employee,5-10yr,Lorry (41?100Q),Owner,1-2yr,No defect,Residential areas,Undivided Two way,Tangent road with flat terrain,No junction,Asphalt roads,Dry,Daylight,Unknown,Vehicle with vehicle collision,Going straight,Driver or rider,Male,Under 18,3,Driver,Normal,Not a Pedestrian,No distancing,Slight Injury
05:50:00,Friday,18-30,Male,Junior high school,Employee,Below 1yr,Stationwagen,Owner,1-2yr,No defect,Residential areas,Undivided Two way,Tangent road with flat terrain,No junction,Asphalt roads,Dry,Daylight,Normal,Vehicle with vehicle collision,Other,Pedestrian,Female,31-50,3,Driver,Normal,Unknown or other,No priority to vehicle,Slight Injury
19:21:00,Thursday,Under 18,Male,Junior high school,Employee,2-5yr,Lorry (41?100Q),Owner,1-2yr,No defect,Office areas,Undivided Two way,Tangent road with flat terrain,No junction,Asphalt roads,Dry,Daylight,Normal,Vehicle with vehicle collision,Going straight,Pedestrian,Female,31-50,3,Driver,Normal,Not a Pedestrian,Changing lane to the right,Slight Injury
19:21:00,Thursday,31-50,Male,Elementary school,Employee,Below 1yr,Lorry (41?100Q),Owner,1-2yr,No defect,Office areas,Undivided Two way,Tangent road with flat terrain,No junction,Asphalt roads,Dry,Daylight,Normal,Vehicle with vehicle collision,Going straight,Driver or rider,Male,18-30,3,Driver,Normal,Not a Pedestrian,No distancing,Slight Injury
08:30:00,Tuesday,18-30,Male,Writing & reading,Employee,Below 1yr,Taxi,Owner,1-2yr,No defect,Other,Two-way (divided with broken lines road marking),Tangent road with flat terrain,Y Shape,Asphalt roads,Dry,Daylight,Normal,Vehicle with vehicle collision,Going straight,Driver or rider,Male,31-50,3,Driver,Normal,Not a Pedestrian,No distancing,Slight Injury
23:01:00,Friday,18-30,Male,Elementary school,Employee,Below 1yr,Stationwagen,Owner,2-5yrs,No defect,Office areas,Two-way (divided with broken lines road marking),Tangent road with flat terrain,Y Shape,Asphalt roads,Wet or damp,Darkness - lights lit,Raining,Vehicle with vehicle collision,Going straight,Driver or rider,Female,31-50,3,Driver,Normal,Not a Pedestrian,Changing lane to the left,Slight Injury
06:58:00,Tuesday,31-50,Male,Above high school,Employee,Above 10yr,Other,Owner,2-5yrs,No defect,Other,One way,Tangent road with flat terrain,No junction,Asphalt roads,Dry,Daylight,Normal,Vehicle with vehicle collision,Reversing,Driver or rider,MALE,NA,3,Driver,Normal,Not a Pedestrian,No distancing,Slight Injury
21:00:00,Monday,18-30,Male,Junior high school,Employee,2-5yr,Public (13?45 seats),Owner,5-10yrs,No defect,Other,Two-way (divided with broken lines road marking),Tangent road with flat terrain,Y Shape,Asphalt roads,Dry,Daylight,Normal,Vehicle with vehicle collision,Reversing,Driver or rider,Male,18-30,2,Driver,Normal,Not a Pedestrian,Other,Slight Injury
11:25:00,Thursday,18-30,Male,Junior high school,Employee,Below 1yr,Lorry (41?100Q),Owner,1-2yr,No defect,Residential areas,Undivided Two way,Tangent road with flat terrain,Y Shape,Asphalt roads,Dry,Daylight,Normal,Vehicle with vehicle collision,Going straight,Driver or rider,MALE,NA,3,Self-employed,Normal,Not a Pedestrian,No distancing,Serious Injury
00:34:00,Saturday,18-30,Male,Junior high school,Employee,Below 1yr,Lorry (11?40Q),Owner,1-2yr,No defect,Office areas,Undivided Two way,Tangent road with flat terrain,Crossing,Asphalt roads,Dry,Darkness - lights lit,Normal,Vehicle with vehicle collision,Moving Backward,Driver or rider,MALE,NA,3,Driver,Normal,Not a Pedestrian,No priority to vehicle,Slight Injury
00:34:00,Saturday,31-50,Male,Junior high school,Employee,1-2yr,Automobile,Owner,1-2yr,No defect,Other,Two-way (divided with broken lines road marking),Tangent road with flat terrain,Crossing,Asphalt roads,Dry,Darkness - lights lit,Normal,Vehicle with vehicle collision,Moving Backward,Driver or rider,Male,18-30,3,Driver,Normal,Not a Pedestrian,No priority to pedestrian,Slight Injury
14:50:00,Sunday,18-30,Male,High school,Employee,1-2yr,Pick up upto 10Q,Owner,1-2yr,No defect,School areas,Undivided Two way,Tangent road with flat terrain,Crossing,Asphalt roads,Dry,Daylight,Normal,Vehicle with vehicle collision,Other,Driver or rider,Male,31-50,3,Driver,Normal,Not a Pedestrian,Other,Slight Injury
13:32:00,Thursday,31-50,Male,High school,Employee,Above 10yr,Lorry (41?100Q),Owner,1-2yr,No defect,Residential areas,Undivided Two way,Tangent road with flat terrain,No junction,Asphalt roads,Dry,Daylight,Unknown,Vehicle with vehicle collision,Going straight,Driver or rider,MALE,NA,3,Self-employed,Normal,Not a Pedestrian,No distancing,Slight Injury
16:00:00,Tuesday,Over 51,Male,Elementary school,Owner,5-10yr,Public (13?45 seats),Owner,1-2yr,No defect,Office areas,Undivided Two way,Tangent road with flat terrain,Y Shape,Asphalt roads,Dry,Daylight,Normal,Collision with roadside objects,Reversing,Driver or rider,Male,18-30,3,Driver,Normal,Not a Pedestrian,Moving Backward,Slight Injury
13:20:00,Monday,18-30,Male,High school,Employee,1-2yr,Lorry (41?100Q),Owner,1-2yr,No defect,Residential areas,Two-way (divided with broken lines road marking),Tangent road with flat terrain,Crossing,Asphalt roads,Dry,Daylight,Normal,Vehicle with vehicle collision,Going straight,Driver or rider,Female,18-30,3,Self-employed,Normal,Not a Pedestrian,Driving carelessly,Slight Injury
12:35:00,Monday,Under 18,Male,Above high school,Employee,1-2yr,Lorry (41?100Q),Owner,1-2yr,No defect, Church areas,Two-way (divided with broken lines road marking),Tangent road with flat terrain,Y Shape,Asphalt roads,Dry,Daylight,Normal,Collision with roadside objects,Going straight,Pedestrian,Female,Over 51,3,Driver,Normal,Not a Pedestrian,Driving to the left,Slight Injury
08:27:00,Thursday,31-50,Male,Junior high school,Employee,Above 10yr,Lorry (41?100Q),Owner,Above 10yr,No defect,Other,Undivided Two way,Tangent road with flat terrain,Y Shape,Asphalt roads,Dry,Daylight,Normal,Collision with roadside objects,Going straight,Driver or rider,Male,18-30,3,Driver,Normal,Not a Pedestrian,Driving carelessly,Slight Injury
08:27:00,Thursday,31-50,Male,Junior high school,Employee,1-2yr,Public (> 45 seats),Governmental,5-10yrs,No defect,Other,Undivided Two way,Tangent road with flat terrain,Y Shape,Asphalt roads,Dry,Daylight,Normal,Vehicle with vehicle collision,Going straight,Driver or rider,MALE,NA,3,Driver,Normal,Not a Pedestrian,No priority to pedestrian,Slight Injury
21:30:00,Saturday,18-30,Male,Junior high school,Employee,5-10yr,Automobile,Owner,5-10yrs,No defect,School areas,other,Tangent road with flat terrain,Y Shape,Asphalt roads,Dry,Daylight,Normal,Vehicle with vehicle collision,Turnover,Pedestrian,Female,31-50,3,Self-employed,Normal,Crossing from nearside - masked by parked or statioNot a Pedestrianry vehicle,Driving carelessly,Slight Injury
21:30:00,Saturday,18-30,Male,Junior high school,Employee,2-5yr,Automobile,Owner,Above 10yr,No defect,Residential areas,Undivided Two way,Tangent road with flat terrain,Y Shape,Asphalt roads,Dry,Daylight,Normal,Vehicle with vehicle collision,Going straight,Passenger,Male,31-50,3,Self-employed,Normal,Not a Pedestrian,Changing lane to the right,Slight Injury
16:00:00,Friday,31-50,Male,Junior high school,Employee,2-5yr,Public (> 45 seats),Owner,Above 10yr,No defect,Office areas,Undivided Two way,Tangent road with flat terrain,Y Shape,Asphalt roads,Wet or damp,Daylight,Raining,Vehicle with vehicle collision,Reversing,Driver or rider,MALE,NA,3,Driver,Normal,Not a Pedestrian,Driving carelessly,Slight Injury
17:50:00,Friday,18-30,Male,Junior high school,Employee,1-2yr,Lorry (11?40Q),Owner,Above 10yr,No defect,Residential areas,Two-way (divided with broken lines road marking),Tangent road with flat terrain,Y Shape,Asphalt roads,Wet or damp,Daylight,Normal,Vehicle with vehicle collision,Going straight,Driver or rider,MALE,NA,3,Self-employed,Normal,Not a Pedestrian,Driving carelessly,Slight Injury
17:50:00,Friday,31-50,Male,Above high school,Owner,1-2yr,Pick up upto 10Q,Owner,5-10yrs,No defect,Residential areas,Undivided Two way,Tangent road with flat terrain,Y Shape,Asphalt roads,Wet or damp,Daylight,Normal,Vehicle with vehicle collision,Moving Backward,Passenger,Female,Over 51,3,Driver,Normal,Not a Pedestrian,Driving carelessly,Slight Injury
19:35:00,Thursday,Under 18,Male,Junior high school,Employee,1-2yr,Lorry (11?40Q),Owner,1-2yr,No defect,Other,other,Tangent road with flat terrain,No junction,Asphalt roads,Dry,Daylight,Normal,Other,Going straight,Driver or rider,MALE,NA,3,Other,Normal,Not a Pedestrian,Changing lane to the right,Serious Injury
19:35:00,Thursday,31-50,Male,Junior high school,Employee,Above 10yr,Lorry (41?100Q),Owner,1-2yr,No defect, Hospital areas,Undivided Two way,Tangent road with flat terrain,No junction,Asphalt roads,Dry,Daylight,Normal,Vehicle with vehicle collision,Going straight,Driver or rider,Female,31-50,3,Driver,Normal,Not a Pedestrian,Changing lane to the right,Serious Injury
13:38:00,Sunday,18-30,Male,Elementary school,Employee,2-5yr,Other,Owner,5-10yrs,No defect,Residential areas,One way,Tangent road with flat terrain,Y Shape,Asphalt roads,Dry,Daylight,Normal,Vehicle with vehicle collision,Going straight,Driver or rider,Male,31-50,3,Employee,Normal,Not a Pedestrian,Other,Slight Injury
17:14:00,Saturday,31-50,Male,Elementary school,Employee,5-10yr,Lorry (41?100Q),Owner,1-2yr,No defect,Office areas,Double carriageway (median),Tangent road with flat terrain,Crossing,Asphalt roads,Dry,Daylight,Normal,Collision with roadside objects,Going straight,Driver or rider,MALE,NA,3,Driver,Normal,Not a Pedestrian,Driving to the left,Slight Injury
18:57:00,Tuesday,18-30,Male,Junior high school,Employee,5-10yr,Lorry (41?100Q),Organization,1-2yr,No defect,Other,Double carriageway (median),Tangent road with flat terrain,Y Shape,Asphalt roads,Dry,Daylight,Normal,Vehicle with vehicle collision,Going straight,Driver or rider,MALE,NA,3,Driver,Normal,Not a Pedestrian,Other,Slight Injury
21:25:00,Sunday,31-50,Male,Junior high school,Employee,Below 1yr,Other,Owner,2-5yrs,No defect,Residential areas,Two-way (divided with broken lines road marking),Gentle horizontal curve,T Shape,Asphalt roads,Dry,Darkness - lights lit,Normal,Vehicle with vehicle collision,Other,Driver or rider,MALE,NA,3,Driver,Normal,Not a Pedestrian,Driving to the left,Slight Injury
09:28:00,Friday,18-30,Male,Elementary school,Owner,5-10yr,Lorry (41?100Q),Owner,1-2yr,No defect,Office areas,Two-way (divided with solid lines road marking),Tangent road with flat terrain,No junction,Asphalt roads,Dry,Daylight,Normal,Collision with pedestrians,Going straight,Driver or rider,Male,18-30,3,Self-employed,Normal,Not a Pedestrian,No priority to pedestrian,Slight Injury
19:41:00,Thursday,18-30,Male,Junior high school,Employee,5-10yr,Automobile,Owner,Above 10yr,No defect,Residential areas,other,Tangent road with flat terrain,No junction,Asphalt roads,Dry,Daylight,Normal,Collision with pedestrians,Other,Pedestrian,Male,Over 51,2,Driver,Normal,Not a Pedestrian,No priority to pedestrian,Slight Injury
20:26:00,Sunday,18-30,Male,Junior high school,Employee,Above 10yr,Automobile,Owner,1-2yr,No defect,Other,other,Tangent road with flat terrain,No junction,Asphalt roads,Dry,Daylight,Normal,Collision with roadside objects,Getting off,Driver or rider,Male,18-30,3,Employee,Normal,Not a Pedestrian,Driving carelessly,Slight Injury