Time,Day_of_week,Age_band_of_driver,Sex_of_driver,Educational_level,Vehicle_driver_relation,Driving_experience,Type_of_vehicle,Owner_of_vehicle,Service_year_of_vehicle,Defect_of_vehicle,Area_accident_occured,Lanes_or_Medians,Road_allignment,Types_of_Junction,Road_surface_type,Road_surface_conditions,Light_conditions,Weather_conditions,Type_of_collision,Vehicle_movement,Casualty_class,Sex_of_casualty,Age_band_of_casualty,Casualty_severity,Work_of_casuality,Fitness_of_casuality,Pedestrian_movement,Cause_of_accident,Accident_severity
15:16:00,Wednesday,Over 51,Male,Illiterate,Owner,1-2yr,Public (13?45 seats),Owner,1-2yr,No defect,Office areas,One way,Tangent road with flat terrain,No junction,Asphalt roads,Dry,Daylight,Normal,Vehicle with vehicle collision,Going straight,Driver or rider,MALE,NA,3,Driver,Normal,Not a Pedestrian,No distancing,Serious Injury
15:40:00,Thursday,Over 51,Male,Junior high school,Owner,1-2yr,Public (12 seats),Owner,1-2yr,No defect, Church areas,Double carriageway (median),Tangent road with flat terrain,No junction,Asphalt roads,Dry,Daylight,Normal,Vehicle with vehicle collision,Going straight,Driver or rider,MALE,NA,3,Driver,Normal,Not a Pedestrian,Driving under the influence of drugs,Slight Injury
12:15:00,Wednesday,Over 51,Male,Junior high school,Employee,5-10yr,Lorry (41?100Q),Owner,1-2yr,No defect,Other,other,Steep grade downward with mountainous terrain,No junction,Asphalt roads,Dry,Daylight,Normal,Vehicle with vehicle collision,Going straight,Pedestrian,Male,18-30,3,Driver,Normal,Not a Pedestrian,Driving carelessly,Slight Injury
17:30:00,Sunday,18-30,Male,Junior high school,Employee,5-10yr,Lorry (11?40Q),Governmental,Below 1yr,No defect,Residential areas,Two-way (divided with broken lines road marking),Tangent road with flat terrain,Other,Asphalt roads,Dry,Daylight,Normal,Vehicle with vehicle collision,Other,Driver or rider,Male,18-30,2,Driver,Normal,Not a Pedestrian,No priority to vehicle,Slight Injury
20:31:00,Saturday,18-30,Male,Junior high school,Employee,Above 10yr,Pick up upto 10Q,Owner,1-2yr,No defect,Other,One way,Tangent road with flat terrain,No junction,Asphalt roads,Dry,Darkness - lights lit,Normal,Vehicle with vehicle collision,Going straight,Driver or rider,MALE,NA,3,Driver,Normal,Not a Pedestrian,No priority to vehicle,Slight Injury
08:46:00,Wednesday,18-30,Male,Junior high school,Employee,5-10yr,Other,Owner,1-2yr,No defect,Office areas,Undivided Two way,Tangent road with flat terrain,No junction,Asphalt roads,Dry,Daylight,Normal,Vehicle with vehicle collision,Going straight,Driver or rider,MALE,NA,3,Driver,Normal,Not a Pedestrian,Changing lane to the left,Slight Injury
16:59:00,Saturday,Over 51,Male,Junior high school,Employee,2-5yr,Other,Owner,Above 10yr,No defect, Outside rural areas,Two-way (divided with broken lines road marking),Tangent road with mountainous terrain and,No junction,Gravel roads,Wet or damp,Darkness - lights lit,Other,Collision with roadside objects,Reversing,Driver or rider,Female,18-30,3,Driver,Normal,Not a Pedestrian,Driving carelessly,Serious Injury
13:15:00,Friday,18-30,Male,Elementary school,Employee,Above 10yr,Lorry (41?100Q),Owner,1-2yr,No defect,Residential areas,Undivided Two way,Tangent road with flat terrain,Crossing,Asphalt roads,Wet or damp,Daylight,Normal,Collision with roadside objects,Going straight,Driver or rider,Female,31-50,3,Driver,Normal,Not a Pedestrian,No distancing,Slight Injury
17:15:00,Tuesday,18-30,Male,Elementary school,Employee,Below 1yr,Lorry (41?100Q),Owner,1-2yr,No defect,Office areas,Undivided Two way,Tangent road with flat terrain,Y Shape,Asphalt roads,Wet or damp,Darkness - lights lit,Normal,Vehicle with vehicle collision,Going straight,Driver or rider,Female,31-50,3,Driver,Normal,Not a Pedestrian,Getting off the vehicle improperly,Slight Injury
07:54:00,Wednesday,Under 18,Male,Junior high school,Employee,2-5yr,Lorry (41?100Q),Owner,1-2yr,No defect,Office areas,Two-way (divided with broken lines road marking),Tangent road with flat terrain,Other,Asphalt roads,Wet or damp,Daylight,Normal,Vehicle with vehicle collision,Going straight,Driver or rider,MALE,NA,3,Self-employed,Normal,Not a Pedestrian,Overturning,Slight Injury
07:54:00,Wednesday,18-30,Male,High school,Employee,1-2yr,Lorry (41?100Q),Owner,1-2yr,No defect,Other,Undivided Two way,Tangent road with flat terrain,Other,Asphalt roads,Wet or damp,Daylight,Normal,Collision with roadside objects,Going straight,Driver or rider,Male,Under 18,3,Employee,Normal,Not a Pedestrian,Driving under the influence of drugs,Slight Injury
12:43:00,Wednesday,18-30,Male,Junior high school,Employee,5-10yr,Other,Owner,1-2yr,No defect,Other,Two-way (divided with broken lines road marking),Tangent road with flat terrain,No junction,Asphalt roads,Dry,Daylight,Normal,Collision with roadside objects,Moving Backward,Passenger,Female,Over 51,3,Driver,Normal,Not a Pedestrian,Changing lane to the right,Serious Injury
07:45:00,Monday,18-30,Female,Junior high school,Employee,1-2yr,Other,Owner,2-5yrs,No defect,Office areas,Two-way (divided with broken lines road marking),Tangent road with flat terrain,No junction,Asphalt roads,Dry,Daylight,Other,Vehicle with vehicle collision,Turnover,Driver or rider,MALE,NA,3,Self-employed,Normal,Not a Pedestrian,Moving Backward,Slight Injury
07:45:00,Thursday,18-30,Male,Junior high school,Employee,5-10yr,Stationwagen,Owner,2-5yrs,No defect,Other,One way,Tangent road with flat terrain,Crossing,Asphalt roads,Dry,Daylight,Normal,Collision with roadside objects,Going straight,Driver or rider,MALE,NA,3,Driver,Normal,Not a Pedestrian,Changing lane to the left,Slight Injury
15:50:00,Wednesday,18-30,Male,Junior high school,Employee,Below 1yr,Automobile,Owner,5-10yrs,No defect,Other,Two-way (divided with broken lines road marking),Tangent road with flat terrain,Y Shape,Asphalt roads,Dry,Daylight,Normal,Collision with pedestrians,Going straight,Driver or rider,MALE,NA,3,Driver,Normal,Not a Pedestrian,Changing lane to the left,Slight Injury
17:00:00,Tuesday,18-30,Male,Elementary school,Owner,5-10yr,Other,Owner,1-2yr,No defect,Office areas,One way,Tangent road with flat terrain,No junction,Asphalt roads,Wet or damp,Darkness - lights lit,Normal,Vehicle with vehicle collision,Going straight,Driver or rider,MALE,NA,3,Driver,Normal,Not a Pedestrian,Changing lane to the left,Slight Injury
17:55:00,Sunday,31-50,Male,Junior high school,Employee,2-5yr,Ridden horse,Owner,1-2yr,No defect,Residential areas,Two-way (divided with broken lines road marking),Tangent road with flat terrain,Y Shape,Asphalt roads,Dry,Darkness - lights lit,Normal,Vehicle with vehicle collision,Turnover,Driver or rider,Male,31-50,3,Self-employed,Normal,Not a Pedestrian,Changing lane to the right,Serious Injury
11:10:00,Saturday,18-30,Male,Junior high school,Employee,5-10yr,Lorry (41?100Q),Owner,1-2yr,No defect,Other,Two-way (divided with broken lines road marking),Tangent road with flat terrain,Crossing,Asphalt roads,Wet or damp,Daylight,Raining,Collision with roadside objects,Reversing,Driver or rider,Male,18-30,3,Driver,Normal,Not a Pedestrian,Driving carelessly,Slight Injury
11:10:00,Saturday,31-50,Male,High school,Employee,1-2yr,Pick up upto 10Q,Owner,1-2yr,No defect,Office areas,One way,Tangent road with flat terrain,Crossing,Asphalt roads,Wet or damp,Daylight,Raining,Rollover,Other,Pedestrian,Male,Over 51,3,Self-employed,Normal,Crossing from nearside - masked by parked or statioNot a Pedestrianry vehicle,No distancing,Slight Injury
18:00:00,Tuesday,18-30,Male,Junior high school,Employee,Above 10yr,Lorry (11?40Q),Owner,1-2yr,No defect,School areas,Undivided Two way,Tangent road with flat terrain,T Shape,Asphalt roads,Dry,Darkness - lights lit,Normal,Vehicle with vehicle collision,Going straight,Pedestrian,Male,Over 51,3,Driver,Normal,Not a Pedestrian,No priority to vehicle,Slight Injury
15:35:00,Friday,18-30,Male,Junior high school,Employee,5-10yr,Lorry (41?100Q),Owner,1-2yr,No defect,Other,other,Tangent road with flat terrain,Other,Asphalt roads,Dry,Daylight,Normal,Vehicle with vehicle collision,Other,Driver or rider,MALE,NA,3,Self-employed,Normal,Not a Pedestrian,Driving under the influence of drugs,Slight Injury
18:30:00,Thursday,31-50,Male,Above high school,Employee,1-2yr,Stationwagen,Owner,Above 10yr,No defect,Office areas,Two-way (divided with broken lines road marking),Tangent road with flat terrain,Y Shape,Asphalt roads,Dry,Darkness - lights lit,Normal,Vehicle with vehicle collision,Going straight,Pedestrian,Male,Under 18,3,Student,Normal,Not a Pedestrian,Changing lane to the right,Slight Injury
18:30:00,Thursday,31-50,Male,Junior high school,Employee,Above 10yr,Other,Owner,2-5yrs,No defect,Residential areas,Two-way (divided with broken lines road marking),Tangent road with flat terrain,Y Shape,Asphalt roads,Dry,Darkness - lights lit,Normal,Vehicle with vehicle collision,Turnover,Driver or rider,Male,18-30,3,Driver,Normal,Not a Pedestrian,Driving to the left,Slight Injury
15:45:00,Friday,18-30,Male,Junior high school,Employee,Above 10yr,Pick up upto 10Q,Owner,1-2yr,No defect,Office areas,Undivided Two way,Tangent road with flat terrain,No junction,Asphalt roads,Dry,Daylight,Normal,Vehicle with vehicle collision,Reversing,Driver or rider,MALE,NA,3,Self-employed,Normal,Not a Pedestrian,No priority to vehicle,Slight Injury
09:00:00,Wednesday,Under 18,Male,Junior high school,Owner,5-10yr,Lorry (41?100Q),Owner,1-2yr,No defect,Other,other,Steep grade downward with mountainous terrain,No junction,Asphalt roads,Wet or damp,Daylight,Normal,Vehicle with vehicle collision,Moving Backward,Driver or rider,Male,31-50,3,Other,Normal,Not a Pedestrian,Driving carelessly,Slight Injury
01:25:00,Saturday,18-30,Male,Junior high school,Employee,2-5yr,Automobile,Owner,Above 10yr,No defect, Church areas,Two-way (divided with broken lines road marking),Steep grade downward with mountainous terrain,No junction,Asphalt roads,Dry,Darkness - lights lit,Cloudy,Vehicle with vehicle collision,Going straight,Driver or rider,MALE,NA,3,Self-employed,Normal,Not a Pedestrian,Changing lane to the left,Slight Injury
07:10:00,Tuesday,18-30,Male,Junior high school,Employee,Above 10yr,Lorry (41?100Q),Owner,1-2yr,No defect,Residential areas,Undivided Two way,Tangent road with flat terrain,No junction,Asphalt roads,Dry,Darkness - lights lit,Normal,Vehicle with vehicle collision,Turnover,Driver or rider,MALE,NA,3,Driver,Normal,Not a Pedestrian,Getting off the vehicle improperly,Slight Injury
07:45:00,Tuesday,31-50,Male,Junior high school,Employee,5-10yr,Lorry (41?100Q),Owner,1-2yr,No defect,Office areas,Undivided Two way,Tangent road with flat terrain,No junction,Asphalt roads,Wet or damp,Daylight,Normal,Collision with roadside objects,Going straight,Driver or rider,Male,Over 51,3,Other,Normal,Not a Pedestrian,Changing lane to the left,Serious Injury
14:35:00,Wednesday,18-30,Male,Junior high school,Employee,Below 1yr,Other,Owner,1-2yr,No defect,Office areas,Undivided Two way,Tangent road with flat terrain,No junction,Asphalt roads,Dry,Daylight,Normal,Vehicle with vehicle collision,Other,Driver or rider,Male,18-30,3,Driver,Normal,Not a Pedestrian,Driving carelessly,Slight Injury
14:35:00,Wednesday,31-50,Male,Junior high school,Employee,Below 1yr,Stationwagen,Owner,1-2yr,No defect,Office areas,Undivided Two way,Tangent road with flat terrain,No junction,Asphalt roads,Dry,Daylight,Normal,Vehicle with vehicle collision,Going straight,Driver or rider,MALE,NA,3,Driver,Normal,Not a Pedestrian,No distancing,Slight Injury
16:16:00,Saturday,18-30,Male,Junior high school,Owner,1-2yr,Lorry (41?100Q),Owner,1-2yr,No defect,Office areas,Two-way (divided with broken lines road marking),Tangent road with flat terrain,No junction,Asphalt roads,Wet or damp,Daylight,Normal,Rollover,Moving Backward,Driver or rider,Female,18-30,3,Driver,Normal,Not a Pedestrian,Overtaking,Slight Injury
02:25:00,Thursday,18-30,Male,Junior high school,Employee,5-10yr,Lorry (41?100Q),Owner,1-2yr,No defect,Other,Undivided Two way,Tangent road with flat terrain,Y Shape,Asphalt roads,Dry,Darkness - lights lit,Normal,Vehicle with vehicle collision,Reversing,Driver or rider,MALE,NA,3,Driver,Normal,Not a Pedestrian,Driving carelessly,Slight Injury
17:55:00,Wednesday,31-50,Male,Elementary school,Employee,2-5yr,Other,Owner,1-2yr,No defect,Other,Two-way (divided with broken lines road marking),Tangent road with flat terrain,Y Shape,Asphalt roads,Wet or damp,Darkness - lights lit,Normal,Vehicle with vehicle collision,Going straight,Pedestrian,Female,18-30,3,Driver,Normal,Not a Pedestrian,Moving Backward,Slight Injury
09:15:00,Friday,Under 18,Male,Junior high school,Employee,2-5yr,Stationwagen,Owner,2-5yrs,No defect,Other,One way,Tangent road with flat terrain,Y Shape,Asphalt roads,Dry,Daylight,Normal,Vehicle with vehicle collision,Going straight,Pedestrian,Male,Over 51,3,Driver,Normal,Not a Pedestrian,Changing lane to the left,Slight Injury
11:55:00,Saturday,18-30,Male,Junior high school,Employee,Above 10yr,Other,Owner,1-2yr,No defect,Residential areas,Undivided Two way,Tangent road with flat terrain,Crossing,Asphalt roads,Dry,Daylight,Normal,Vehicle with vehicle collision,Going straight,Driver or rider,MALE,NA,3,Driver,Normal,Not a Pedestrian,Changing lane to the right,Slight Injury
11:55:00,Saturday,31-50,Male,Junior high school,Employee,2-5yr,Other,Owner,1-2yr,No defect,Office areas,One way,Tangent road with flat terrain,Crossing,Asphalt roads,Dry,Daylight,Normal,Collision with roadside objects,Going straight,Driver or rider,MALE,NA,3,Driver,Normal,Not a Pedestrian,Changing lane to the left,Slight Injury
19:00:00,Friday,Under 18,Male,Junior high school,Owner,Above 10yr,Ridden horse,Owner,1-2yr,No defect,Residential areas,Two-way (divided with broken lines road marking),Tangent road with flat terrain,No junction,Asphalt roads,Wet or damp,Darkness - lights lit,Normal,Vehicle with vehicle collision,Going straight,Driver or rider,Male,31-50,3,Driver,Normal,Not a Pedestrian,Moving Backward,Slight Injury
19:00:00,Friday,Under 18,Male,Junior high school,Employee,2-5yr,Lorry (41?100Q),Owner,1-2yr,No defect,Office areas,Undivided Two way,Tangent road with flat terrain,No junction,Asphalt roads,Wet or damp,Darkness - lights lit,Normal,Vehicle with vehicle collision,Going straight,Pedestrian,Male,Under 18,3,Driver,Normal,Not a Pedestrian,No distancing,Slight Injury
19:00:00,Friday,Over 51,Male,Elementary school,Other,5-10yr,Lorry (41?100Q),Owner,1-2yr,No defect,Other,Two-way (divided with broken lines road marking),Tangent road with flat terrain,No junction,Asphalt roads,Wet or damp,Darkness - lights lit,Normal,Vehicle with vehicle collision,Going straight,Driver or rider,MALE,NA,3,Driver,Normal,Not a Pedestrian,Changing lane to the right,Slight Injury
17:00:00,Wednesday,Over 51,Male,Junior high school,Employee,5-10yr,Motorcycle,Owner,1-2yr,No defect,Office areas,Undivided Two way,Tangent road with flat terrain,No junction,Asphalt roads,Dry,Darkness - lights lit,Normal,Vehicle with vehicle collision,Going straight,Driver or rider,Male,18-30,3,Self-employed,Normal,Not a Pedestrian,Moving Backward,Slight Injury
07:44:00,Tuesday,18-30,Male,Above high school,Owner,2-5yr,Automobile,Owner,1-2yr,No defect,Residential areas,Two-way (divided with broken lines road marking),Tangent road with flat terrain,No junction,Asphalt roads,Dry,Daylight,Normal,Vehicle with vehicle collision,Going straight,Driver or rider,MALE,NA,3,Self-employed,Normal,Not a Pedestrian,Changing lane to the left,Slight Injury
19:56:00,Tuesday,18-30,Male,Junior high school,Employee,5-10yr,Taxi,Owner,1-2yr,No defect, Church areas,Two-way (divided with solid lines road marking),Tangent road with flat terrain,No junction,Asphalt roads,Wet or damp,Darkness - lights lit,Other,Vehicle with vehicle collision,Going straight,Passenger,Male,18-30,3,Driver,Normal,Not a Pedestrian,Turnover,Slight Injury
07:28:00,Friday,18-30,Male,Elementary school,Owner,Above 10yr,Automobile,Owner,1-2yr,No defect, Church areas,Two-way (divided with broken lines road marking),Tangent road with flat terrain,Y Shape,Asphalt roads,Wet or damp,Daylight,Raining,Vehicle with vehicle collision,Going straight,Driver or rider,Male,31-50,3,Self-employed,Normal,Not a Pedestrian,No distancing,Slight Injury
07:28:00,Friday,31-50,Male,Junior high school,Employee,1-2yr,Automobile,Owner,Above 10yr,No defect,Other,Undivided Two way,Tangent road with flat terrain,Y Shape,Asphalt roads,Wet or damp,Daylight,Raining,Collision with pedestrians,Going straight,Pedestrian,Female,Under 18,3,Self-employed,Normal,Not a Pedestrian,Changing lane to the left,Slight Injury
13:10:00,Saturday,31-50,Male,Junior high school,Employee,2-5yr,Public (> 45 seats),Owner,5-10yrs,No defect,School areas,other,Tangent road with flat terrain,Y Shape,Asphalt roads,Dry,Daylight,Normal,Vehicle with vehicle collision,Going straight,Driver or rider,MALE,NA,3,Driver,Normal,Not a Pedestrian,Changing lane to the right,Slight Injury
21:39:00,Saturday,18-30,Male,Junior high school,Employee,2-5yr,Lorry (41?100Q),Owner,Above 10yr,No defect,Office areas,Undivided Two way,Tangent road with flat terrain,Other,Asphalt roads,Dry,Darkness - lights lit,Unknown,Vehicle with vehicle collision,Getting off,Driver or rider,Male,18-30,3,Driver,Normal,Not a Pedestrian,No priority to pedestrian,Slight Injury
21:39:00,Saturday,18-30,Male,Junior high school,Employee,Above 10yr,Stationwagen,Owner,Above 10yr,No defect,Residential areas,Undivided Two way,Tangent road with flat terrain,Other,Asphalt roads,Dry,Darkness - lights lit,Unknown,Vehicle with vehicle collision,Going straight,Pedestrian,Female,18-30,3,Driver,Normal,Not a Pedestrian,No priority to pedestrian,Slight Injury
21:50:00,Monday,18-30,Male,Junior high school,Employee,Above 10yr,Other,Owner,Above 10yr,No defect,Other,One way,Steep grade downward with mountainous terrain,Y Shape,Asphalt roads,Wet or damp,Daylight,Other,Fall from vehicles,Going straight,Pedestrian,Female,Under 18,3,Employee,Normal,"Walking along in carriageway, back to traffic",No priority to vehicle,Slight Injury
21:50:00,Monday,Under 18,Male,Elementary school,Employee,5-10yr,Automobile,Owner,Above 10yr,No defect,Residential areas,Two-way (divided with broken lines road marking),Tangent road with flat terrain,Y Shape,Asphalt roads,Wet or damp,Daylight,Other,Vehicle with vehicle collision,Going straight,Driver or rider,Male,31-50,3,Driver,Normal,Not a Pedestrian,Changing lane to the left,Slight Injury
17:53:00,Wednesday,Under 18,Male,Elementary school,Employee,5-10yr,Automobile,Owner,1-2yr,No defect,Other,other,Tangent road with flat terrain,No junction,Asphalt roads,Dry,Daylight,Normal,Vehicle with vehicle collision,Moving Backward,Pedestrian,Male,18-30,3,Driver,Normal,Unknown or other,No priority to vehicle,Slight Injury
08:55:00,Thursday,18-30,Male,Elementary school,Employee,5-10yr,Public (12 seats),Owner,2-5yrs,No defect,Other,other,Tangent road with flat terrain,No junction,Asphalt roads,Dry,Daylight,Normal,Vehicle with vehicle collision,Going straight,Driver or rider,MALE,NA,3,Self-employed,Normal,Not a Pedestrian,Driving under the influence of drugs,Slight Injury
10:50:00,Thursday,18-30,Male,Elementary school,Owner,1-2yr,Automobile,Owner,1-2yr,No defect,Other,Double carriageway (median),Tangent road with flat terrain,Crossing,Asphalt roads,Dry,Daylight,Normal,Vehicle with vehicle collision,Going straight,Pedestrian,Female,18-30,3,Driver,Normal,Not a Pedestrian,No distancing,Slight Injury
13:25:00,Monday,31-50,Male,Junior high school,Employee,2-5yr,Public (13?45 seats),Owner,1-2yr,No defect,Other,Undivided Two way,Tangent road with flat terrain,Crossing,Asphalt roads,Dry,Daylight,Normal,Vehicle with vehicle collision,Going straight,Driver or rider,MALE,NA,3,Other,Normal,Not a Pedestrian,No distancing,Slight Injury
14:30:00,Thursday,18-30,Male,Junior high school,Employee,5-10yr,Lorry (11?40Q),Owner,1-2yr,No defect,Office areas,Two-way (divided with solid lines road marking),Tangent road with flat terrain,No junction,Asphalt roads,Dry,Daylight,Normal,Vehicle with vehicle collision,Going straight,Driver or rider,Male,18-30,2,Driver,Normal,Not a Pedestrian,Overturning,Slight Injury
18:00:00,Monday,18-30,Male,Junior high school,Employee,5-10yr,Automobile,Owner,1-2yr,No defect,Other,other,Tangent road with flat terrain,Y Shape,Asphalt roads,Wet or damp,Darkness - lights lit,Raining,Vehicle with vehicle collision,Going straight,Driver or rider,Female,18-30,3,Driver,Normal,Not a Pedestrian,Moving Backward,Slight Injury
18:00:00,Monday,18-30,Male,Junior high school,Owner,5-10yr,Automobile,Owner,Above 10yr,No defect,Residential areas,other,Tangent road with flat terrain,Y Shape,Asphalt roads,Wet or damp,Darkness - lights lit,Raining,Vehicle with vehicle collision,Going straight,Passenger,Male,5,3,Driver,Normal,Not a Pedestrian,No priority to pedestrian,Slight Injury
13:25:00,Tuesday,Over 51,Male,Illiterate,Employee,2-5yr,Long lorry,Owner,1-2yr,No defect,Other,other,Tangent road with flat terrain,Y Shape,Asphalt roads,Dry,Daylight,Normal,Vehicle with vehicle collision,Moving Backward,Driver or rider,MALE,NA,3,Driver,Normal,Not a Pedestrian,Changing lane to the left,Slight Injury
17:13:00,Sunday,Over 51,Male,Junior high school,Employee,1-2yr,Stationwagen,Owner,1-2yr,No defect,Other,Two-way (divided with broken lines road marking),Tangent road with flat terrain,No junction,Asphalt roads,Wet or damp,Daylight,Raining,Collision with roadside objects,Moving Backward,Driver or rider,Male,18-30,3,Driver,Normal,Not a Pedestrian,No distancing,Serious Injury
10:45:00,Friday,31-50,Male,Elementary school,Employee,2-5yr,Other,Owner,1-2yr,No defect,School areas,Undivided Two way,Tangent road with flat terrain,No junction,Asphalt roads,Dry,Daylight,Normal,Vehicle with vehicle collision,Going straight,Driver or rider,MALE,NA,3,Self-employed,Normal,Not a Pedestrian,Changing lane to the right,Slight Injury
18:22:00,Wednesday,31-50,Male,Junior high school,Employee,5-10yr,Automobile,Governmental,Above 10yr,No defect,School areas,Two-way (divided with broken lines road marking),Tangent road with flat terrain,No junction,Asphalt roads,Dry,Daylight,Normal,Collision with roadside objects,Going straight,Driver or rider,Male,18-30,3,Other,Normal,Not a Pedestrian,No distancing,Slight Injury
10:50:00,Monday,18-30,Male,Elementary school,Employee,5-10yr,Stationwagen,Owner,Above 10yr,No defect,Other,Two-way (divided with broken lines road marking),Tangent road with flat terrain,Y Shape,Asphalt roads,Dry,Daylight,Normal,Vehicle with vehicle collision,Moving Backward,Driver or rider,Male,18-30,3,Driver,Normal,Not a Pedestrian,Driving carelessly,Slight Injury
16:41:00,Tuesday,18-30,Male,High school,Owner,5-10yr,Public (> 45 seats),Owner,Above 10yr,No defect,Other,Two-way (divided with broken lines road marking),Tangent road with flat terrain,Y Shape,Asphalt roads,Dry,Daylight,Normal,Collision with roadside objects,Going straight,Pedestrian,Female,31-50,3,Driver,Normal,Not a Pedestrian,Changing lane to the right,Slight Injury
14:45:00,Thursday,18-30,Male,Elementary school,Employee,2-5yr,Automobile,Owner,1-2yr,No defect,Other,Undivided Two way,Tangent road with flat terrain,Y Shape,Asphalt roads,Dry,Daylight,Normal,Vehicle with vehicle collision,Going straight,Driver or rider,Male,31-50,3,Driver,Normal,Not a Pedestrian,Moving Backward,Slight Injury
09:15:00,Tuesday,31-50,Male,Junior high school,Employee,Below 1yr,Lorry (41?100Q),Owner,Above 10yr,No defect,Residential areas,other,Tangent road with flat terrain,Y Shape,Asphalt roads,Dry,Daylight,Normal,Vehicle with vehicle collision,Moving Backward,Driver or rider,Male,18-30,3,Self-employed,Normal,Not a Pedestrian,Moving Backward,Slight Injury
04:30:00,Saturday,18-30,Female,Above high school,Employee,5-10yr,Lorry (41?100Q),Owner,5-10yrs,No defect,Other,other,Tangent road with flat terrain,Y Shape,Asphalt roads,Dry,Darkness - lights lit,Normal,Vehicle with vehicle collision,Going straight,Driver or rider,MALE,NA,3,Driver,Normal,Not a Pedestrian,Changing lane to the left,Slight Injury
04:30:00,Saturday,31-50,Male,Junior high school,Employee,5-10yr,Public (12 seats),Owner,Above 10yr,No defect,Other,Undivided Two way,Tangent road with flat terrain,Y Shape,Asphalt roads,Dry,Darkness - lights lit,Normal,Vehicle with vehicle collision,Going straight,Driver or rider,Male,18-30,3,Driver,Normal,Not a Pedestrian,Changing lane to the right,Slight Injury
17:52:00,Saturday,18-30,Male,Elementary school,Owner,Below 1yr,Public (> 45 seats),Owner,Above 10yr,No defect, Church areas,other,Tangent road with flat terrain,Y Shape,Asphalt roads,Dry,Darkness - lights lit,Normal,Collision with roadside objects,Going straight,Driver or rider,MALE,NA,3,Self-employed,Normal,Not a Pedestrian,Overtaking,Slight Injury
16:10:00,Monday,Under 18,Male,Junior high school,Employee,Above 10yr,Stationwagen,Owner,Above 10yr,No defect,Office areas,Undivided Two way,Gentle horizontal curve,Y Shape,Asphalt roads,Dry,Daylight,Normal,Vehicle with vehicle collision,Overtaking,Driver or rider,MALE,NA,3,Self-employed,Normal,Not a Pedestrian,No priority to pedestrian,Slight Injury
16:10:00,Monday,31-50,Male,Junior high school,Owner,2-5yr,Pick up upto 10Q,Owner,5-10yrs,No defect,Other,Double carriageway (median),Gentle horizontal curve,Y Shape,Asphalt roads,Dry,Daylight,Normal,Vehicle with vehicle collision,Reversing,Driver or rider,Male,31-50,3,Driver,Normal,Not a Pedestrian,No distancing,Slight Injury
16:10:00,Monday,31-50,Male,Junior high school,Employee,2-5yr,Automobile,Owner,5-10yrs,No defect, Church areas,Other,Tangent road with mountainous terrain and,Y Shape,Asphalt roads,Dry,Daylight,Normal,Collision with pedestrians,Other,Driver or rider,MALE,NA,3,Other,Normal,Not a Pedestrian,No distancing,Slight Injury
22:17:00,Saturday,18-30,Male,Junior high school,Employee,1-2yr,Automobile,Owner,2-5yrs,No defect,Other,Two-way (divided with broken lines road marking),Tangent road with flat terrain,Other,Asphalt roads,Dry,Darkness - lights lit,Normal,Collision with roadside objects,Going straight,Driver or rider,Female,18-30,3,Driver,Normal,Not a Pedestrian,Improper parking,Slight Injury
07:55:00,Thursday,31-50,Male,Elementary school,Employee,5-10yr,Public (> 45 seats),Governmental,Above 10yr,No defect,Residential areas,other,Tangent road with flat terrain,No junction,Asphalt roads,Dry,Daylight,Normal,Vehicle with vehicle collision,Going straight,Driver or rider,Female,18-30,3,Other,Normal,Not a Pedestrian,Other,Slight Injury
18:12:00,Friday,Under 18,Male,High school,Employee,5-10yr,Automobile,Owner,2-5yrs,No defect,Residential areas,Undivided Two way,Tangent road with flat terrain,No junction,Asphalt roads,Dry,Daylight,Normal,Vehicle with vehicle collision,Going straight,Pedestrian,Male,Under 18,3,Driver,Normal,Crossing from nearside - masked by parked or statioNot a Pedestrianry vehicle,Changing lane to the left,Slight Injury
18:12:00,Friday,31-50,Male,High school,Employee,2-5yr,Lorry (11?40Q),Owner,1-2yr,No defect,Residential areas,other,Tangent road with flat terrain,No junction,Asphalt roads,Dry,Daylight,Normal,Vehicle with vehicle collision,Going straight,Pedestrian,Male,31-50,3,Driver,Normal,Not a Pedestrian,Driving carelessly,Slight Injury
23:30:00,Sunday,Under 18,Male,Elementary school,Employee,5-10yr,Long lorry,Owner,1-2yr,No defect,Office areas,Undivided Two way,Escarpments,No junction,Asphalt roads,Dry,Darkness - lights lit,Normal,Collision with pedestrians,Going straight,Driver or rider,Male,18-30,3,Employee,Normal,Not a Pedestrian,Changing lane to the right,Slight Injury
13:36:00,Wednesday,18-30,Male,Elementary school,Employee,5-10yr,Public (12 seats),Owner,Above 10yr,No defect,Residential areas,other,Tangent road with flat terrain,No junction,Asphalt roads,Dry,Daylight,Normal,Collision with pedestrians,Going straight,Driver or rider,Male,18-30,3,Driver,Normal,Not a Pedestrian,Changing lane to the right,Slight Injury