Time,Day_of_week,Age_band_of_driver,Sex_of_driver,Educational_level,Vehicle_driver_relation,Driving_experience,Type_of_vehicle,Owner_of_vehicle,Service_year_of_vehicle,Defect_of_vehicle,Area_accident_occured,Lanes_or_Medians,Road_allignment,Types_of_Junction,Road_surface_type,Road_surface_conditions,Light_conditions,Weather_conditions,Type_of_collision,Vehicle_movement,Casualty_class,Sex_of_casualty,Age_band_of_casualty,Casualty_severity,Work_of_casuality,Fitness_of_casuality,Pedestrian_movement,Cause_of_accident,Accident_severity
12:30:00,Thursday,18-30,Male,Junior high school,Employee,Below 1yr,Other,Owner,1-2yr,No defect,Office areas,One way,Tangent road with flat terrain,No junction,Asphalt roads,Wet or damp,Daylight,Normal,Vehicle with vehicle collision,Going straight,Driver or rider,Male,31-50,3,Driver,Normal,Not a Pedestrian,No distancing,Slight Injury
20:40:00,Friday,31-50,Male,Junior high school,Employee,Above 10yr,Other,Governmental,Below 1yr,No defect,Residential areas,Two-way (divided with broken lines road marking),Tangent road with flat terrain,Y Shape,Asphalt roads,Dry,Darkness - lights lit,Normal,Vehicle with vehicle collision,Going straight,Driver or rider,MALE,NA,3,Driver,Normal,Not a Pedestrian,Driving carelessly,Slight Injury
08:50:00,Thursday,18-30,Male,Elementary school,Other,5-10yr,Other,Owner,2-5yrs,No defect,Residential areas,Undivided Two way,Steep grade downward with mountainous terrain,Y Shape,Asphalt roads,Dry,Daylight,Normal,Collision with roadside objects,Going straight,Driver or rider,Male,18-30,3,Student,Normal,Not a Pedestrian,Changing lane to the right,Slight Injury
15:33:00,Tuesday,31-50,Male,Junior high school,Employee,5-10yr,Public (> 45 seats),Owner,1-2yr,No defect,Office areas,Undivided Two way,Tangent road with flat terrain,Y Shape,Asphalt roads,Dry,Daylight,Normal,Vehicle with vehicle collision,Other,Driver or rider,Male,31-50,3,Other,Normal,Not a Pedestrian,Overtaking,Slight Injury
09:05:00,Monday,18-30,Female,Junior high school,Employee,1-2yr,Public (13?45 seats),Owner,Below 1yr,No defect,Residential areas,Two-way (divided with broken lines road marking),Tangent road with flat terrain,Y Shape,Asphalt roads,Dry,Daylight,Normal,Vehicle with vehicle collision,Moving Backward,Driver or rider,Female,Over 51,2,Self-employed,Normal,Not a Pedestrian,Driving under the influence of drugs,Slight Injury
11:30:00,Tuesday,18-30,Male,Above high school,Owner,2-5yr,Lorry (41?100Q),Owner,1-2yr,No defect,Rural village areasOffice areas,other,Tangent road with flat terrain,Crossing,Asphalt roads,Wet or damp,Daylight,Normal,Vehicle with vehicle collision,Going straight,Driver or rider,MALE,NA,3,Other,Normal,Not a Pedestrian,Changing lane to the right,Serious Injury
11:30:00,Tuesday,Under 18,Male,Elementary school,Owner,2-5yr,Lorry (41?100Q),Owner,1-2yr,No defect,Residential areas,Undivided Two way,Tangent road with flat terrain,Crossing,Asphalt roads,Wet or damp,Daylight,Normal,Vehicle with vehicle collision,Going straight,Driver or rider,MALE,NA,3,Driver,Normal,Not a Pedestrian,Driving at high speed,Serious Injury
11:30:00,Tuesday,Under 18,Male,Junior high school,Employee,1-2yr,Ridden horse,Owner,1-2yr,No defect,Office areas,Undivided Two way,Tangent road with flat terrain,Crossing,Asphalt roads,Wet or damp,Daylight,Normal,Vehicle with vehicle collision,Going straight,Driver or rider,Male,5,2,Self-employed,Normal,Not a Pedestrian,Overtaking,Serious Injury
11:30:00,Tuesday,31-50,Male,Junior high school,Employee,Below 1yr,Lorry (41?100Q),Owner,1-2yr,No defect,Residential areas,Undivided Two way,Tangent road with flat terrain,Crossing,Asphalt roads,Wet or damp,Daylight,Normal,Vehicle with vehicle collision,Going straight,Driver or rider,MALE,NA,3,Self-employed,Normal,Not a Pedestrian,Changing lane to the right,Serious Injury
14:00:00,Saturday,31-50,Male,Junior high school,Employee,5-10yr,Public (> 45 seats),Owner,1-2yr,No defect,Office areas,Undivided Two way,Tangent road with flat terrain,Y Shape,Asphalt roads,Dry,Daylight,Normal,Collision with roadside objects,Moving Backward,Pedestrian,Female,18-30,2,Driver,Blind,Crossing from driver's nearside,Moving Backward,Slight Injury
20:55:00,Friday,Over 51,Male,Elementary school,Employee,2-5yr,Automobile,Owner,1-2yr,No defect,Office areas,Two-way (divided with broken lines road marking),Tangent road with flat terrain,Crossing,Asphalt roads,Dry,Darkness - lights lit,Normal,Vehicle with vehicle collision,Going straight,Driver or rider,Male,18-30,3,Self-employed,Normal,Not a Pedestrian,Moving Backward,Serious Injury
20:55:00,Friday,Over 51,Male,Elementary school,Owner,Above 10yr,Public (12 seats),Owner,1-2yr,No defect,Other,Undivided Two way,Tangent road with flat terrain,Crossing,Asphalt roads,Dry,Darkness - lights lit,Normal,Vehicle with vehicle collision,Turnover,Driver or rider,MALE,NA,3,Driver,Normal,Not a Pedestrian,No distancing,Serious Injury
20:55:00,Friday,Over 51,Male,Junior high school,Employee,1-2yr,Automobile,Owner,1-2yr,No defect,Other,Two-way (divided with broken lines road marking),Tangent road with flat terrain,Crossing,Asphalt roads,Dry,Darkness - lights lit,Normal,Collision with pedestrians,Turnover,Driver or rider,Female,18-30,3,Driver,Normal,Not a Pedestrian,Moving Backward,Serious Injury
13:43:00,Monday,Over 51,Male,Elementary school,Employee,5-10yr,Automobile,Owner,2-5yrs,No defect,Other,One way,Tangent road with flat terrain,Y Shape,Asphalt roads,Dry,Daylight,Normal,Collision with roadside objects,Moving Backward,Passenger,Female,Over 51,2,Driver,Normal,Not a Pedestrian,No distancing,Slight Injury
13:43:00,Monday,18-30,Male,Junior high school,Employee,Above 10yr,Public (12 seats),Owner,5-10yrs,No defect,Other,Two-way (divided with broken lines road marking),Tangent road with flat terrain,Y Shape,Asphalt roads,Dry,Daylight,Normal,Vehicle with vehicle collision,Other,Driver or rider,Male,18-30,3,Self-employed,Normal,Not a Pedestrian,No distancing,Slight Injury
13:00:00,Saturday,18-30,Male,High school,Employee,Above 10yr,Automobile,Owner,1-2yr,No defect,Office areas,One way,Tangent road with flat terrain,Y Shape,Asphalt roads,Dry,Daylight,Normal,Vehicle with vehicle collision,Going straight,Driver or rider,MALE,NA,3,Self-employed,Normal,Not a Pedestrian,Moving Backward,Slight Injury
13:00:00,Saturday,31-50,Male,Junior high school,Employee,5-10yr,Public (12 seats),Owner,1-2yr,No defect,Residential areas,Two-way (divided with broken lines road marking),Tangent road with flat terrain,Y Shape,Asphalt roads,Dry,Daylight,Normal,Vehicle with vehicle collision,Going straight,Pedestrian,Female,Over 51,3,Driver,Normal,Not a Pedestrian,Changing lane to the left,Slight Injury
16:35:00,Saturday,18-30,Male,Elementary school,Employee,1-2yr,Automobile,Owner,1-2yr,No defect,Office areas,Undivided Two way,Tangent road with flat terrain,No junction,Asphalt roads,Dry,Daylight,Normal,Collision with pedestrians,Going straight,Pedestrian,Male,5,2,Self-employed,Normal,Not a Pedestrian,No priority to pedestrian,Slight Injury
10:39:00,Wednesday,Over 51,Male,Above high school,Employee,1-2yr,Lorry (41?100Q),Owner,1-2yr,No defect,Office areas,One way,Tangent road with flat terrain,No junction,Asphalt roads,Wet or damp,Daylight,Raining,Vehicle with vehicle collision,Going straight,Driver or rider,Male,18-30,3,Self-employed,Normal,Not a Pedestrian,No distancing,Slight Injury
12:55:00,Monday,18-30,Male,Junior high school,Employee,Above 10yr,Automobile,Owner,1-2yr,No defect,School areas,Undivided Two way,Tangent road with flat terrain,Y Shape,Asphalt roads,Dry,Daylight,Normal,Vehicle with vehicle collision,Going straight,Driver or rider,MALE,NA,3,Driver,Normal,Not a Pedestrian,Changing lane to the left,Slight Injury
14:45:00,Sunday,31-50,Male,Junior high school,Employee,2-5yr,Public (> 45 seats),Owner,1-2yr,No defect,Other,other,Tangent road with flat terrain,No junction,Asphalt roads,Dry,Daylight,Normal,Vehicle with vehicle collision,Moving Backward,Driver or rider,Female,18-30,3,Self-employed,Normal,Not a Pedestrian,No distancing,Serious Injury
10:58:00,Tuesday,Over 51,Male,Above high school,Employee,No Licence,Other,Owner,2-5yrs,No defect,Residential areas,Two-way (divided with broken lines road marking),Tangent road with flat terrain,Crossing,Asphalt roads,Dry,Daylight,Normal,Vehicle with vehicle collision,Going straight,Driver or rider,MALE,NA,3,Driver,Normal,Not a Pedestrian,Driving carelessly,Slight Injury
13:10:00,Saturday,18-30,Male,Junior high school,Owner,5-10yr,Public (12 seats),Owner,1-2yr,No defect, Church areas,Undivided Two way,Tangent road with flat terrain,Y Shape,Asphalt roads,Wet or damp,Daylight,Normal,Collision with roadside objects,Going straight,Driver or rider,MALE,NA,3,Self-employed,Normal,Not a Pedestrian,No priority to pedestrian,Slight Injury
08:10:00,Wednesday,18-30,Female,Junior high school,Employee,2-5yr,Automobile,Owner,1-2yr,No defect,Office areas,Undivided Two way,Tangent road with flat terrain,No junction,Asphalt roads,Dry,Daylight,Normal,Vehicle with vehicle collision,Overtaking,Driver or rider,Male,31-50,3,Driver,Normal,Not a Pedestrian,Changing lane to the left,Slight Injury
18:49:00,Thursday,31-50,Male,Junior high school,Employee,5-10yr,Automobile,Owner,1-2yr,No defect,Other,other,Steep grade downward with mountainous terrain,Y Shape,Asphalt roads,Dry,Daylight,Normal,Vehicle with vehicle collision,Going straight,Driver or rider,MALE,NA,3,Driver,Normal,Not a Pedestrian,Driving carelessly,Slight Injury
20:30:00,Wednesday,18-30,Male,Junior high school,Employee,Below 1yr,Lorry (41?100Q),Governmental,Below 1yr,No defect,Residential areas,Two-way (divided with broken lines road marking),Tangent road with flat terrain,Crossing,Asphalt roads,Dry,Daylight,Normal,Vehicle with vehicle collision,Going straight,Driver or rider,Male,18-30,3,Employee,Normal,Not a Pedestrian,Moving Backward,Slight Injury
20:30:00,Wednesday,18-30,Male,High school,Employee,5-10yr,Lorry (11?40Q),Owner,1-2yr,No defect,Other,One way,Tangent road with flat terrain,Crossing,Asphalt roads,Dry,Daylight,Normal,Vehicle with vehicle collision,Going straight,Pedestrian,Male,31-50,3,Self-employed,Normal,Not a Pedestrian,No distancing,Slight Injury
13:28:00,Monday,31-50,Male,High school,Employee,2-5yr,Automobile,Owner,Above 10yr,No defect, Outside rural areas,Two-way (divided with broken lines road marking),Tangent road with mountainous terrain and,Y Shape,Asphalt roads,Dry,Daylight,Normal,Vehicle with vehicle collision,Moving Backward,Driver or rider,MALE,NA,3,Self-employed,Normal,Not a Pedestrian,No priority to vehicle,Slight Injury
13:28:00,Monday,18-30,Male,Junior high school,Employee,Above 10yr,Public (> 45 seats),Owner,Above 10yr,No defect, Church areas,Two-way (divided with broken lines road marking),Steep grade downward with mountainous terrain,Y Shape,Asphalt roads,Dry,Daylight,Normal,Vehicle with vehicle collision,Moving Backward,Driver or rider,Male,31-50,3,Self-employed,Normal,Not a Pedestrian,Driving carelessly,Slight Injury
21:46:00,Wednesday,18-30,Male,Junior high school,Employee,Above 10yr,Motorcycle,Owner,1-2yr,No defect,Office areas,Undivided Two way,Tangent road with flat terrain,Crossing,Asphalt roads,Dry,Darkness - lights lit,Normal,Vehicle with vehicle collision,Other,Pedestrian,Female,18-30,3,Driver,Normal,Not a Pedestrian,No distancing,Slight Injury
05:49:00,Tuesday,Under 18,Male,Junior high school,Employee,5-10yr,Taxi,Owner,1-2yr,No defect,Office areas,Undivided Two way,Tangent road with flat terrain,No junction,Asphalt roads,Wet or damp,Daylight,Raining,Vehicle with vehicle collision,Going straight,Driver or rider,Male,18-30,3,Driver,Normal,Not a Pedestrian,No priority to pedestrian,Serious Injury
05:49:00,Tuesday,Under 18,Male,Junior high school,Employee,Above 10yr,Automobile,Owner,1-2yr,No defect,Office areas,Undivided Two way,Tangent road with flat terrain,No junction,Asphalt roads,Wet or damp,Daylight,Raining,Vehicle with vehicle collision,Reversing,Driver or rider,MALE,NA,3,Driver,Normal,Not a Pedestrian,No distancing,Serious Injury
09:35:00,Monday,31-50,Male,Junior high school,Employee,2-5yr,Automobile,Owner,1-2yr,No defect,Office areas,Two-way (divided with broken lines road marking),Tangent road with flat terrain,No junction,Asphalt roads,Dry,Daylight,Normal,Vehicle with vehicle collision,Reversing,Driver or rider,Male,31-50,3,Driver,Normal,Not a Pedestrian,Getting off the vehicle improperly,Fatal injury
19:00:00,Friday,Over 51,Male,Elementary school,Employee,5-10yr,Automobile,Owner,2-5yrs,No defect,Other,One way,Tangent road with flat terrain,No junction,Asphalt roads,Dry,Daylight,Normal,Vehicle with vehicle collision,Going straight,Driver or rider,Female,Over 51,3,Driver,Normal,Not a Pedestrian,Changing lane to the right,Slight Injury
18:12:00,Wednesday,18-30,Male,Junior high school,Employee,5-10yr,Lorry (11?40Q),Owner,1-2yr,No defect,Residential areas,Undivided Two way,Tangent road with flat terrain,No junction,Asphalt roads,Dry,Daylight,Normal,Vehicle with vehicle collision,Going straight,Driver or rider,Female,18-30,3,Driver,Normal,Not a Pedestrian,Moving Backward,Slight Injury
07:50:00,Wednesday,18-30,Male,Junior high school,Employee,Above 10yr,Turbo,Owner,1-2yr,No defect,Residential areas,Two-way (divided with broken lines road marking),Tangent road with flat terrain,No junction,Asphalt roads,Dry,Daylight,Normal,Vehicle with vehicle collision,Going straight,Driver or rider,MALE,NA,3,Driver,Normal,Not a Pedestrian,No priority to vehicle,Slight Injury
10:16:00,Thursday,Under 18,Male,Elementary school,Owner,2-5yr,Long lorry,Owner,1-2yr,No defect,Office areas,Undivided Two way,Tangent road with flat terrain,Other,Asphalt roads,Dry,Daylight,Normal,Vehicle with vehicle collision,Moving Backward,Driver or rider,Male,5,3,Driver,Normal,Not a Pedestrian,No distancing,Slight Injury
10:16:00,Thursday,Over 51,Male,Junior high school,Employee,5-10yr,Long lorry,Owner,1-2yr,No defect,Other,Two-way (divided with broken lines road marking),Tangent road with flat terrain,Other,Asphalt roads,Dry,Daylight,Normal,Collision with pedestrians,Moving Backward,Driver or rider,Male,31-50,3,Driver,Normal,Not a Pedestrian,Moving Backward,Slight Injury
17:25:00,Friday,31-50,Male,Junior high school,Employee,2-5yr,Lorry (11?40Q),Owner,1-2yr,No defect,Residential areas,Two-way (divided with broken lines road marking),Tangent road with flat terrain,No junction,Asphalt roads,Dry,Daylight,Normal,Vehicle with vehicle collision,Overtaking,Driver or rider,Male,18-30,3,Driver,Normal,Not a Pedestrian,Driving under the influence of drugs,Slight Injury
11:10:00,Sunday,18-30,Male,Above high school,Employee,No Licence,Automobile,Owner,5-10yrs,No defect,Other,Undivided Two way,Tangent road with flat terrain,No junction,Asphalt roads,Wet or damp,Daylight,Raining,Vehicle with vehicle collision,Going straight,Driver or rider,MALE,NA,3,Self-employed,Normal,Not a Pedestrian,No priority to pedestrian,Slight Injury
11:10:00,Sunday,31-50,Male,Junior high school,Employee,5-10yr,Long lorry,Owner,1-2yr,No defect, Church areas,Two-way (divided with solid lines road marking),Tangent road with flat terrain,No junction,Asphalt roads,Wet or damp,Daylight,Raining,Vehicle with vehicle collision,Going straight,Pedestrian,Male,Over 51,3,Driver,Normal,Not a Pedestrian,Changing lane to the right,Slight Injury
03:15:00,Saturday,18-30,Male,Junior high school,Employee,Above 10yr,Stationwagen,Owner,1-2yr,No defect, Church areas,Two-way (divided with solid lines road marking),Tangent road with flat terrain,No junction,Asphalt roads,Dry,Darkness - lights lit,Normal,Vehicle with vehicle collision,Turnover,Driver or rider,MALE,NA,3,Driver,Normal,Not a Pedestrian,Changing lane to the left,Serious Injury
17:00:00,Tuesday,Under 18,Male,Elementary school,Employee,2-5yr,Other,Owner,Above 10yr,No defect,Other,Undivided Two way,Tangent road with flat terrain,Crossing,Asphalt roads,Dry,Daylight,Normal,Collision with roadside objects,Going straight,Driver or rider,MALE,NA,3,Driver,Normal,Not a Pedestrian,Driving to the left,Slight Injury
17:10:00,Friday,31-50,Male,Junior high school,Employee,2-5yr,Special vehicle,Governmental,5-10yrs,No defect,Other,Undivided Two way,Tangent road with flat terrain,No junction,Asphalt roads,Dry,Daylight,Normal,Vehicle with vehicle collision,Moving Backward,Driver or rider,MALE,NA,3,Driver,Normal,Not a Pedestrian,Changing lane to the left,Slight Injury
17:10:00,Friday,Under 18,Male,Junior high school,Employee,Below 1yr,Lorry (41?100Q),Owner,5-10yrs,No defect,School areas,other,Tangent road with flat terrain,No junction,Asphalt roads,Dry,Daylight,Normal,Vehicle with vehicle collision,Going straight,Driver or rider,Male,18-30,3,Driver,Normal,Not a Pedestrian,Driving under the influence of drugs,Slight Injury
17:23:00,Tuesday,31-50,Male,Junior high school,Employee,2-5yr,Pick up upto 10Q,Owner,Above 10yr,No defect,Residential areas,Undivided Two way,Tangent road with flat terrain,Y Shape,Asphalt roads,Dry,Daylight,Normal,Collision with roadside objects,Moving Backward,Driver or rider,MALE,NA,3,Driver,Normal,Not a Pedestrian,No priority to pedestrian,Slight Injury
23:35:00,Wednesday,31-50,Male,Junior high school,Employee,Above 10yr,Motorcycle,Owner,Above 10yr,No defect,Residential areas,Undivided Two way,Tangent road with flat terrain,Crossing,Asphalt roads,Dry,Darkness - lights lit,Normal,Collision with pedestrians,Going straight,Driver or rider,MALE,NA,3,Self-employed,Normal,Not a Pedestrian,No distancing,Serious Injury
14:59:00,Wednesday,Under 18,Male,Junior high school,Employee,2-5yr,Automobile,Owner,Above 10yr,No defect,Residential areas,Two-way (divided with broken lines road marking),Tangent road with flat terrain,Other,Gravel roads,Dry,Daylight,Normal,Collision with pedestrians,U-Turn,Driver or rider,MALE,NA,3,Driver,Normal,Not a Pedestrian,No priority to vehicle,Slight Injury
14:59:00,Wednesday,Under 18,Male,Junior high school,Employee,5-10yr,Automobile,Owner,5-10yrs,No defect,Residential areas,Undivided Two way,Tangent road with flat terrain,Other,Asphalt roads,Dry,Daylight,Normal,Vehicle with vehicle collision,Going straight,Driver or rider,Male,18-30,3,Driver,Normal,Not a Pedestrian,Moving Backward,Slight Injury
14:40:00,Saturday,18-30,Male,Junior high school,Employee,2-5yr,Public (> 45 seats),Owner,5-10yrs,No defect,Other,One way,Tangent road with flat terrain,Y Shape,Asphalt roads,Dry,Daylight,Normal,Vehicle with vehicle collision,Going straight,Driver or rider,Female,Over 51,3,Employee,Normal,Not a Pedestrian,Overtaking,Slight Injury
12:48:00,Sunday,18-30,Male,Junior high school,Employee,Below 1yr,Automobile,Owner,5-10yrs,No defect,Residential areas,Undivided Two way,Tangent road with flat terrain,Y Shape,Asphalt roads,Wet or damp,Daylight,Raining,Collision with pedestrians,Getting off,Passenger,Male,Over 51,3,Driver,Normal,Not a Pedestrian,Changing lane to the right,Slight Injury
12:48:00,Sunday,18-30,Male,High school,Employee,5-10yr,Lorry (41?100Q),Owner,1-2yr,No defect,Other,Two-way (divided with broken lines road marking),Tangent road with flat terrain,Y Shape,Asphalt roads with some distress,Wet or damp,Daylight,Raining,Vehicle with vehicle collision,Moving Backward,Passenger,Female,31-50,3,Driver,Normal,Not a Pedestrian,Moving Backward,Slight Injury
18:40:00,Friday,18-30,Male,Above high school,Employee,1-2yr,Automobile,Owner,1-2yr,No defect,Office areas,Two-way (divided with broken lines road marking),Tangent road with flat terrain,No junction,Asphalt roads,Dry,Daylight,Normal,Vehicle with vehicle collision,Moving Backward,Passenger,Female,31-50,3,Driver,Normal,Not a Pedestrian,Changing lane to the left,Slight Injury
18:40:00,Friday,18-30,Male,Junior high school,Employee,Below 1yr,Public (13?45 seats),Owner,2-5yrs,No defect,Other,other,Tangent road with flat terrain,No junction,Asphalt roads,Dry,Daylight,Normal,Vehicle with vehicle collision,Going straight,Driver or rider,Male,18-30,3,Driver,Normal,Not a Pedestrian,No priority to pedestrian,Slight Injury
11:11:00,Wednesday,18-30,Male,High school,Employee,Below 1yr,Automobile,Owner,1-2yr,No defect,Residential areas,Two-way (divided with broken lines road marking),Tangent road with flat terrain,Y Shape,Asphalt roads,Dry,Daylight,Normal,Vehicle with vehicle collision,Going straight,Driver or rider,MALE,NA,3,Self-employed,Normal,Not a Pedestrian,No priority to vehicle,Slight Injury
07:50:00,Tuesday,Over 51,Male,High school,Employee,Below 1yr,Public (13?45 seats),Owner,1-2yr,No defect,Office areas,Double carriageway (median),Gentle horizontal curve,Y Shape,Asphalt roads,Dry,Daylight,Normal,Collision with roadside objects,Going straight,Driver or rider,Male,18-30,3,Self-employed,Normal,Not a Pedestrian,No distancing,Slight Injury
07:50:00,Tuesday,18-30,Male,High school,Employee,2-5yr,Lorry (41?100Q),Organization,1-2yr,No defect,Other,Double carriageway (median),Tangent road with flat terrain,Y Shape,Asphalt roads,Dry,Daylight,Normal,Vehicle with vehicle collision,Going straight,Driver or rider,MALE,NA,3,Self-employed,Normal,Not a Pedestrian,Moving Backward,Slight Injury
14:57:00,Friday,18-30,Male,Junior high school,Employee,5-10yr,Stationwagen,Owner,5-10yrs,No defect,Other,Two-way (divided with broken lines road marking),Tangent road with flat terrain,No junction,Asphalt roads,Wet or damp,Daylight,Normal,Vehicle with vehicle collision,Going straight,Driver or rider,Male,31-50,3,Driver,Normal,Not a Pedestrian,Overspeed,Slight Injury
14:57:00,Friday,31-50,Male,Junior high school,Employee,5-10yr,Lorry (41?100Q),Owner,1-2yr,No defect,Other,Undivided Two way,Tangent road with flat terrain,No junction,Asphalt roads,Wet or damp,Daylight,Normal,Vehicle with vehicle collision,Going straight,Driver or rider,MALE,NA,3,Driver,Normal,Not a Pedestrian,No priority to vehicle,Slight Injury
16:32:00,Monday,31-50,Male,Elementary school,Other,5-10yr,Motorcycle,Owner,1-2yr,No defect,Office areas,Two-way (divided with solid lines road marking),Tangent road with flat terrain,No junction,Asphalt roads,Dry,Daylight,Normal,Vehicle with vehicle collision,Going straight,Driver or rider,MALE,NA,3,Self-employed,Normal,Not a Pedestrian,No distancing,Slight Injury
15:30:00,Friday,31-50,Male,Junior high school,Employee,5-10yr,Public (12 seats),Owner,1-2yr,No defect,Other,other,Tangent road with flat terrain,No junction,Asphalt roads,Wet or damp,Daylight,Normal,Vehicle with vehicle collision,Going straight,Driver or rider,Male,18-30,3,Driver,Normal,Not a Pedestrian,Driving at high speed,Slight Injury
14:45:00,Saturday,Over 51,Male,Elementary school,Employee,Above 10yr,Long lorry,Owner,Above 10yr,No defect,Residential areas,other,Tangent road with flat terrain,No junction,Asphalt roads,Dry,Daylight,Normal,Vehicle with vehicle collision,Going straight,Driver or rider,Male,31-50,3,Driver,Normal,Not a Pedestrian,No distancing,Fatal injury
17:50:00,Monday,18-30,Male,Junior high school,Employee,Above 10yr,Lorry (41?100Q),Owner,2-5yrs,No defect,Other,other,Tangent road with flat terrain,Y Shape,Asphalt roads,Dry,Daylight,Normal,Vehicle with vehicle collision,Going straight,Passenger,Female,18-30,3,Driver,Normal,Not a Pedestrian,Other,Slight Injury
09:04:00,Tuesday,31-50,Male,High school,Owner,2-5yr,Automobile,Owner,1-2yr,No defect,School areas,Undivided Two way,Tangent road with flat terrain,No junction,Asphalt roads,Dry,Daylight,Normal,Vehicle with vehicle collision,Other,Driver or rider,Female,18-30,3,Self-employed,Normal,Not a Pedestrian,No distancing,Serious Injury
10:40:00,Thursday,Over 51,Male,Junior high school,Employee,1-2yr,Automobile,Owner,1-2yr,No defect,Office areas,Two-way (divided with broken lines road marking),Tangent road with flat terrain,No junction,Asphalt roads,Dry,Daylight,Normal,Vehicle with vehicle collision,Going straight,Driver or rider,MALE,NA,3,Driver,Normal,Not a Pedestrian,Overtaking,Slight Injury
16:00:00,Friday,31-50,Male,Junior high school,Employee,Below 1yr,Pick up upto 10Q,Governmental,Above 10yr,No defect,School areas,Two-way (divided with broken lines road marking),Tangent road with flat terrain,Y Shape,Asphalt roads,Dry,Daylight,Normal,Collision with roadside objects,Going straight,Driver or rider,MALE,NA,3,Self-employed,Normal,Not a Pedestrian,Overtaking,Serious Injury
19:30:00,Saturday,18-30,Male,Junior high school,Employee,5-10yr,Automobile,Owner,Above 10yr,No defect,Other,Two-way (divided with broken lines road marking),Tangent road with flat terrain,No junction,Asphalt roads,Dry,Daylight,Normal,Collision with roadside objects,Going straight,Driver or rider,Male,18-30,3,Driver,Normal,Not a Pedestrian,Driving to the left,Slight Injury
09:32:00,Sunday,31-50,Male,Elementary school,Employee,2-5yr,Automobile,Owner,Above 10yr,No defect,Other,Two-way (divided with broken lines road marking),Tangent road with flat terrain,Y Shape,Asphalt roads,Dry,Daylight,Normal,Vehicle with vehicle collision,Going straight,Driver or rider,MALE,NA,3,Driver,Normal,Not a Pedestrian,Unknown,Slight Injury
11:19:00,Wednesday,Over 51,Male,Junior high school,Employee,1-2yr,Other,Governmental,1-2yr,No defect,Other,Undivided Two way,Tangent road with flat terrain,Y Shape,Asphalt roads,Dry,Daylight,Normal,Collision with pedestrians,Going straight,Driver or rider,Male,Under 18,3,Driver,Normal,Not a Pedestrian,No distancing,Slight Injury
11:19:00,Wednesday,Over 51,Male,Junior high school,Employee,5-10yr,Other,Owner,1-2yr,No defect,Other,Undivided Two way,Tangent road with flat terrain,Y Shape,Asphalt roads,Dry,Daylight,Normal,Vehicle with vehicle collision,Going straight,Driver or rider,MALE,NA,3,Self-employed,Normal,Not a Pedestrian,Other,Slight Injury
16:02:00,Sunday,Under 18,Male,Junior high school,Employee,5-10yr,Public (> 45 seats),Owner,Above 10yr,No defect,Residential areas,other,Tangent road with flat terrain,No junction,Gravel roads,Dry,Daylight,Normal,Vehicle with vehicle collision,Going straight,Driver or rider,Male,31-50,3,Self-employed,Normal,Not a Pedestrian,No priority to vehicle,Slight Injury
15:36:00,Tuesday,Under 18,Male,Junior high school,Employee,5-10yr,Other,Owner,Above 10yr,No defect,Office areas,Two-way (divided with broken lines road marking),Sharp reverse curve,Crossing,Asphalt roads,Dry,Daylight,Normal,Collision with roadside objects,Other,Driver or rider,Female,18-30,3,Self-employed,Normal,Not a Pedestrian,Moving Backward,Serious Injury
20:46:00,Saturday,18-30,Male,Junior high school,Employee,Above 10yr,Public (12 seats),Owner,5-10yrs,No defect,Other,other,Tangent road with flat terrain,Y Shape,Asphalt roads,Dry,Darkness - lights lit,Normal,Vehicle with vehicle collision,Turnover,Driver or rider,Male,18-30,3,Employee,Normal,Not a Pedestrian,Changing lane to the left,Slight Injury
20:46:00,Saturday,18-30,Male,Elementary school,Employee,Below 1yr,Other,Owner,Above 10yr,No defect,Other,Undivided Two way,Tangent road with flat terrain,Y Shape,Asphalt roads,Dry,Darkness - lights lit,Normal,Vehicle with vehicle collision,Going straight,Driver or rider,MALE,NA,3,Driver,Normal,Not a Pedestrian,No priority to pedestrian,Slight Injury
07:25:00,Wednesday,31-50,Male,Elementary school,Employee,5-10yr,Public (12 seats),Owner,Above 10yr,No defect, Church areas,other,Tangent road with flat terrain,Y Shape,Asphalt roads,Dry,Daylight,Normal,Vehicle with vehicle collision,Going straight,Driver or rider,MALE,NA,3,Driver,Normal,Not a Pedestrian,No distancing,Slight Injury
12:08:00,Friday,18-30,Male,Elementary school,Employee,5-10yr,Lorry (41?100Q),Owner,Above 10yr,No defect,Office areas,Two-way (divided with broken lines road marking),Sharp reverse curve,Y Shape,Asphalt roads,Dry,Daylight,Normal,Collision with roadside objects,Going straight,Driver or rider,MALE,NA,3,Self-employed,Normal,Not a Pedestrian,Changing lane to the right,Slight Injury
12:08:00,Friday,Over 51,Male,Junior high school,Employee,Above 10yr,Public (> 45 seats),Owner,Above 10yr,No defect,Office areas,Undivided Two way,Gentle horizontal curve,Y Shape,Asphalt roads,Dry,Daylight,Normal,Vehicle with vehicle collision,Going straight,Driver or rider,Male,31-50,3,Self-employed,Normal,Not a Pedestrian,Moving Backward,Slight Injury